{
  "roc_auc": 0.7911029298972234,
  "f1": 0.5182481751824818,
  "report": {
    "0": {
      "precision": 0.9041095890410958,
      "recall": 0.7471698113207547,
      "f1-score": 0.8181818181818182,
      "support": 795.0
    },
    "1": {
      "precision": 0.4139941690962099,
      "recall": 0.6926829268292682,
      "f1-score": 0.5182481751824818,
      "support": 205.0
    },
    "accuracy": 0.736,
    "macro avg": {
      "precision": 0.6590518790686528,
      "recall": 0.7199263690750115,
      "f1-score": 0.66821499668215,
      "support": 1000.0
    },
    "weighted avg": {
      "precision": 0.8036359279523942,
      "recall": 0.736,
      "f1-score": 0.7566954213669543,
      "support": 1000.0
    }
  }
}