{
  "roc_auc": 0.7771437337014878,
  "f1": 0.4671916010498688,
  "report": {
    "0": {
      "precision": 0.8592233009708737,
      "recall": 0.8905660377358491,
      "f1-score": 0.8746139592340951,
      "support": 795.0
    },
    "1": {
      "precision": 0.5056818181818182,
      "recall": 0.43414634146341463,
      "f1-score": 0.4671916010498688,
      "support": 205.0
    },
    "accuracy": 0.797,
    "macro avg": {
      "precision": 0.682452559576346,
      "recall": 0.6623561895996318,
      "f1-score": 0.670902780141982,
      "support": 1000.0
    },
    "weighted avg": {
      "precision": 0.7867472969991174,
      "recall": 0.797,
      "f1-score": 0.7910923758063287,
      "support": 1000.0
    }
  }
}