{
  "roc_auc": 0.7879306642123025,
  "f1": 0.49066666666666664,
  "report": {
    "0": {
      "precision": 0.863855421686747,
      "recall": 0.9018867924528302,
      "f1-score": 0.8824615384615384,
      "support": 795.0
    },
    "1": {
      "precision": 0.5411764705882353,
      "recall": 0.44878048780487806,
      "f1-score": 0.49066666666666664,
      "support": 205.0
    },
    "accuracy": 0.809,
    "macro avg": {
      "precision": 0.7025159461374911,
      "recall": 0.6753336401288541,
      "f1-score": 0.6865641025641025,
      "support": 1000.0
    },
    "weighted avg": {
      "precision": 0.797706236711552,
      "recall": 0.809,
      "f1-score": 0.8021435897435897,
      "support": 1000.0
    }
  }
}